{
  "name": "angular-openlayers-directive",
  "description": "AngularJS directive to embed an interact with maps managed by OpenLayers library",
  "keywords": [
    "angularjs",
    "javascript",
    "directive",
    "openlayers"
  ],
  "main": [
    "dist/angular-openlayers-directive.min.js"
  ],
  "dependencies": {
    "angular": "*",
    "angular-sanitize": "*",
    "openlayers3": "https://github.com/tombatossals/ol3-compiled.git#3.8.2"
  },
  "devDependencies": {
    "jquery": "*",
    "angular-route": "*",
    "angular-mocks": "*"
  },
  "ignore": [
    "**/.*",
    "src",
    "doc",
    "grunt",
    "examples",
    "test",
    "*.md",
    "Gruntfile.js",
    "package.json",
    "bower.json",
    "node_modules",
    "bower_components"
  ],
  "homepage": "https://github.com/tombatossals/angular-openlayers-directive",
  "version": "1.2.2",
  "_release": "1.2.2",
  "_resolution": {
    "type": "version",
    "tag": "v1.2.2",
    "commit": "00413aa2a2e5527fc4043e9f09b3da369ff1f11c"
  },
  "_source": "git://github.com/tombatossals/angular-openlayers-directive.git",
  "_target": "~1.2.2",
  "_originalSource": "angular-openlayers-directive",
  "_direct": true
}